categoria_propia,pais,precio_relativo
"Alimentos, bebidas y tabaco",Albania,1.183811867125621
Restaurantes,Albania,1.099653548165195
Cuidado personal,Albania,0.6069879015435962
Nafta,Albania,1.461538776314068
Comunicaciones,Albania,0.8502408125526131
Ocio,Albania,0.6815920398009951
Ropa y calzado,Albania,1.144301470588235
Electrodomésticos,Albania,1.347683789328338
Tarifa horaria trabajo doméstico,Albania,1.127676528277215
Alquiler,Albania,0.8259335154826959
Transporte,Albania,1.0
Servicios públicos,Albania,2.058823529411764
Vehículos,Albania,2.63805476864967
"Alimentos, bebidas y tabaco",Algeria,1.660473101467489
Restaurantes,Algeria,1.966430291436233
Cuidado personal,Algeria,1.594529262086514
Nafta,Algeria,2.192269170931018
Comunicaciones,Algeria,0.9568889979320738
Ocio,Algeria,4.419354838709678
Ropa y calzado,Algeria,2.151913875598086
Electrodomésticos,Algeria,1.793346150915519
Tarifa horaria trabajo doméstico,Algeria,1.417089099507869
Alquiler,Algeria,4.19
Transporte,Algeria,2.331002331002331
Servicios públicos,Algeria,4.375
Vehículos,Algeria,0.856287239324727
"Alimentos, bebidas y tabaco",Argentina,1.291930589160861
Restaurantes,Argentina,1.834696473226004
Cuidado personal,Argentina,0.8784185134931404
Nafta,Argentina,1.388988106781049
Comunicaciones,Argentina,0.7982829174356094
Ocio,Argentina,1.473118279569892
Ropa y calzado,Argentina,1.857819074333801
Electrodomésticos,Argentina,1.247819458498364
Tarifa horaria trabajo doméstico,Argentina,0.8928280446071402
Alquiler,Argentina,2.712095875139354
Transporte,Argentina,2.141327623126339
Servicios públicos,Argentina,1.346153846153846
Vehículos,Argentina,1.493877332762954
"Alimentos, bebidas y tabaco",Armenia,0.8613100894665235
Restaurantes,Armenia,0.809404325740853
Cuidado personal,Armenia,1.924974623769805
Nafta,Armenia,1.032467572768506
Comunicaciones,Armenia,0.696923933766039
Ocio,Armenia,1.014814814814815
Ropa y calzado,Armenia,0.7133965068747677
Electrodomésticos,Armenia,0.8343726935348604
Tarifa horaria trabajo doméstico,Armenia,0.6765955558655147
Alquiler,Armenia,1.255645944633317
Transporte,Armenia,1.666666666666667
Servicios públicos,Armenia,1.4
Vehículos,Armenia,5.409953524399691
"Alimentos, bebidas y tabaco",Australia,0.6408251669922835
Restaurantes,Australia,0.3994967338670825
Cuidado personal,Australia,0.6040107287564914
Nafta,Australia,0.7290402213586871
Comunicaciones,Australia,0.5866790456133995
Ocio,Australia,1.030075187969925
Ropa y calzado,Australia,0.6212110439625548
Electrodomésticos,Australia,0.6911274325977973
Tarifa horaria trabajo doméstico,Australia,0.7523683972716395
Alquiler,Australia,0.4998308238876671
Transporte,Australia,0.3225806451612903
Servicios públicos,Australia,0.3026315789473684
Vehículos,Australia,1.083207320383079
"Alimentos, bebidas y tabaco",Austria,0.7677383889770966
Restaurantes,Austria,0.6678733493635948
Cuidado personal,Austria,1.093671175027107
Nafta,Austria,0.8075659342094317
Comunicaciones,Austria,0.8620240449508743
Ocio,Austria,0.7653631284916201
Ropa y calzado,Austria,0.6976149566355753
Electrodomésticos,Austria,0.7895425733438084
Tarifa horaria trabajo doméstico,Austria,0.9063151102436816
Alquiler,Austria,0.618546365914787
Transporte,Austria,0.5263157894736842
Servicios públicos,Austria,0.69
Vehículos,Austria,0.933804866492944
"Alimentos, bebidas y tabaco",Azerbaijan,1.354724220810217
Restaurantes,Azerbaijan,1.740103485000846
Cuidado personal,Azerbaijan,2.422814982973893
Nafta,Azerbaijan,1.035695440136517
Comunicaciones,Azerbaijan,0.8814102564102564
Ocio,Azerbaijan,2.322033898305085
Ropa y calzado,Azerbaijan,0.9063079777365493
Electrodomésticos,Azerbaijan,1.212538237565427
Tarifa horaria trabajo doméstico,Azerbaijan,1.15166769333436
Alquiler,Azerbaijan,2.076910299003322
Transporte,Azerbaijan,2.070393374741201
Servicios públicos,Azerbaijan,1.666666666666667
Vehículos,Azerbaijan,1.260808737250654
"Alimentos, bebidas y tabaco",Bangladesh,1.385638572102986
Restaurantes,Bangladesh,1.407916637041845
Cuidado personal,Bangladesh,3.062599409225176
Nafta,Bangladesh,1.748615031080494
Comunicaciones,Bangladesh,0.5089932928674983
Ocio,Bangladesh,0.5805084745762713
Ropa y calzado,Bangladesh,1.934343434343434
Electrodomésticos,Bangladesh,1.231633194445471
Tarifa horaria trabajo doméstico,Bangladesh,1.553602077687444
Alquiler,Bangladesh,1.70499800876145
Transporte,Bangladesh,5.494505494505495
Servicios públicos,Bangladesh,0.9857142857142858
Vehículos,Bangladesh,0.5682014744038548
"Alimentos, bebidas y tabaco",Belarus,2.013580436133597
Restaurantes,Belarus,2.026558876238667
Cuidado personal,Belarus,2.015860719329575
Nafta,Belarus,1.482026477856395
Comunicaciones,Belarus,0.8683404171196996
Ocio,Belarus,1.902777777777778
Ropa y calzado,Belarus,2.658333333333333
Electrodomésticos,Belarus,1.692491794873192
Tarifa horaria trabajo doméstico,Belarus,1.188079403889673
Alquiler,Belarus,2.807954545454545
Transporte,Belarus,1.0
Servicios públicos,Belarus,2.5
Vehículos,Belarus,3.658111824014665
"Alimentos, bebidas y tabaco",Belgium,0.7498009095483045
Restaurantes,Belgium,0.6252479571020537
Cuidado personal,Belgium,0.681034412042164
Nafta,Belgium,0.7336287227818616
Comunicaciones,Belgium,0.7872424520603836
Ocio,Belgium,0.7365591397849462
Ropa y calzado,Belgium,0.8112516753293452
Electrodomésticos,Belgium,0.6279984748867351
Tarifa horaria trabajo doméstico,Belgium,0.7950890002283887
Alquiler,Belgium,0.4884388390330666
Transporte,Belgium,0.7692307692307693
Servicios públicos,Belgium,0.6388888888888888
Vehículos,Belgium,0.8248535214635896
"Alimentos, bebidas y tabaco",Bolivia,1.577104812464856
Restaurantes,Bolivia,2.370303627400852
Cuidado personal,Bolivia,1.002741228070176
Nafta,Bolivia,1.164539050873344
Comunicaciones,Bolivia,1.006413407821229
Ocio,Bolivia,2.446428571428571
Ropa y calzado,Bolivia,1.352857142857143
Electrodomésticos,Bolivia,1.61991564457836
Tarifa horaria trabajo doméstico,Bolivia,1.135296297911307
Alquiler,Bolivia,2.743135011441647
Transporte,Bolivia,2.544529262086514
Servicios públicos,Bolivia,1.346153846153846
Vehículos,Bolivia,1.621792639034018
"Alimentos, bebidas y tabaco",Bosnia And Herzegovina,1.263556987953139
Restaurantes,Bosnia And Herzegovina,2.185312985940064
Cuidado personal,Bosnia And Herzegovina,1.452052868391451
Nafta,Bosnia And Herzegovina,1.338976276771458
Comunicaciones,Bosnia And Herzegovina,0.8601939472065157
Ocio,Bosnia And Herzegovina,0.9319727891156464
Ropa y calzado,Bosnia And Herzegovina,1.71875
Electrodomésticos,Bosnia And Herzegovina,1.484497209440139
Tarifa horaria trabajo doméstico,Bosnia And Herzegovina,0.8757149826917269
Alquiler,Bosnia And Herzegovina,0.8110218652387327
Transporte,Bosnia And Herzegovina,1.666666666666667
Servicios públicos,Bosnia And Herzegovina,1.25
Vehículos,Bosnia And Herzegovina,2.033704593433792
"Alimentos, bebidas y tabaco",Brazil,1.396036993424503
Restaurantes,Brazil,1.519360686475236
Cuidado personal,Brazil,0.9092022053726632
Nafta,Brazil,1.345081310363308
Comunicaciones,Brazil,0.9745024093861304
Ocio,Brazil,1.234234234234234
Ropa y calzado,Brazil,1.372222222222222
Electrodomésticos,Brazil,1.431378788521646
Tarifa horaria trabajo doméstico,Brazil,1.237542595385733
Alquiler,Brazil,0.8875790875790877
Transporte,Brazil,2.347417840375587
Servicios públicos,Brazil,0.7340425531914894
Vehículos,Brazil,1.28151376146789
"Alimentos, bebidas y tabaco",Bulgaria,1.202830914211523
Restaurantes,Bulgaria,1.563846278199275
Cuidado personal,Bulgaria,1.192671394799054
Nafta,Bulgaria,1.035153847765902
Comunicaciones,Bulgaria,1.169585798816568
Ocio,Bulgaria,0.9194630872483224
Ropa y calzado,Bulgaria,1.716516741629186
Electrodomésticos,Bulgaria,1.327822621181783
Tarifa horaria trabajo doméstico,Bulgaria,1.278290598290598
Alquiler,Bulgaria,0.9979045776918116
Transporte,Bulgaria,0.5
Servicios públicos,Bulgaria,1.521739130434783
Vehículos,Bulgaria,1.168814325161074
"Alimentos, bebidas y tabaco",Canada,0.607348796886925
Restaurantes,Canada,0.492216815930036
Cuidado personal,Canada,0.7174540900957382
Nafta,Canada,0.7480836834226975
Comunicaciones,Canada,1.025146870732077
Ocio,Canada,1.132231404958678
Ropa y calzado,Canada,0.6804451929336296
Electrodomésticos,Canada,0.707083865102204
Tarifa horaria trabajo doméstico,Canada,0.9899981831213974
Alquiler,Canada,0.9621732145465168
Transporte,Canada,0.4545454545454545
Servicios públicos,Canada,0.4423076923076923
Vehículos,Canada,1.149339696383758
"Alimentos, bebidas y tabaco",Chile,1.186554393886076
Restaurantes,Chile,1.174339171632419
Cuidado personal,Chile,1.163839965209828
Nafta,Chile,1.02551786657305
Comunicaciones,Chile,1.399572649572649
Ocio,Chile,1.007352941176471
Ropa y calzado,Chile,1.298717948717949
Electrodomésticos,Chile,0.9377448170402496
Tarifa horaria trabajo doméstico,Chile,1.39141661736453
Alquiler,Chile,1.732363719651855
Transporte,Chile,0.9090909090909092
Servicios públicos,Chile,0.8023255813953488
Vehículos,Chile,1.689261095658483
"Alimentos, bebidas y tabaco",China,1.346831399178978
Restaurantes,China,0.7667404077736502
Cuidado personal,China,1.884348290598291
Nafta,China,1.158664069366672
Comunicaciones,China,1.882685020493388
Ocio,China,1.181034482758621
Ropa y calzado,China,0.7751261795040597
Electrodomésticos,China,1.346764514671187
Tarifa horaria trabajo doméstico,China,1.076619601328904
Alquiler,China,1.609454545454545
Transporte,China,1.666666666666667
Servicios públicos,China,0.9857142857142858
Vehículos,China,1.214493761683259
"Alimentos, bebidas y tabaco",Colombia,1.449116913636197
Restaurantes,Colombia,1.617713847568618
Cuidado personal,Colombia,1.385473270196139
Nafta,Colombia,1.20785989585787
Comunicaciones,Colombia,0.9963643488483476
Ocio,Colombia,1.304761904761905
Ropa y calzado,Colombia,1.522321428571429
Electrodomésticos,Colombia,1.580110222783271
Tarifa horaria trabajo doméstico,Colombia,1.23317630169377
Alquiler,Colombia,1.571795848409827
Transporte,Colombia,2.320185614849188
Servicios públicos,Colombia,0.9078947368421052
Vehículos,Colombia,1.391423448550652
"Alimentos, bebidas y tabaco",Costa Rica,0.7665503168628127
Restaurantes,Costa Rica,1.174102562494094
Cuidado personal,Costa Rica,1.178571428571429
Nafta,Costa Rica,0.7027824211851361
Comunicaciones,Costa Rica,0.9612184976755568
Ocio,Costa Rica,1.0
Ropa y calzado,Costa Rica,1.18735632183908
Electrodomésticos,Costa Rica,0.8718834200346806
Tarifa horaria trabajo doméstico,Costa Rica,1.008742833742834
Alquiler,Costa Rica,2.062725188339338
Transporte,Costa Rica,2.242152466367713
Servicios públicos,Costa Rica,0.8023255813953488
Vehículos,Costa Rica,0.9772276526420172
"Alimentos, bebidas y tabaco",Croatia,0.9943183168243072
Restaurantes,Croatia,1.095956744329603
Cuidado personal,Croatia,0.8704848425002469
Nafta,Croatia,1.205032100868195
Comunicaciones,Croatia,0.8586246388505687
Ocio,Croatia,0.8782051282051282
Ropa y calzado,Croatia,1.177884615384615
Electrodomésticos,Croatia,0.91928569346961
Tarifa horaria trabajo doméstico,Croatia,1.241006641741936
Alquiler,Croatia,0.8750649350649351
Transporte,Croatia,0.5882352941176471
Servicios públicos,Croatia,0.6388888888888888
Vehículos,Croatia,1.053193093568574
"Alimentos, bebidas y tabaco",Cyprus,0.7854077650040227
Restaurantes,Cyprus,0.8567705288779329
Cuidado personal,Cyprus,1.72177244245921
Nafta,Cyprus,0.8304231909011163
Comunicaciones,Cyprus,0.928172704488494
Ocio,Cyprus,0.8303030303030304
Ropa y calzado,Cyprus,1.019500710732054
Electrodomésticos,Cyprus,0.7201473504857873
Tarifa horaria trabajo doméstico,Cyprus,0.8583244086422053
Alquiler,Cyprus,0.5282880755608028
Transporte,Cyprus,1.25
Servicios públicos,Cyprus,0.6764705882352942
Vehículos,Cyprus,1.182168246445498
"Alimentos, bebidas y tabaco",Czech Republic,1.156250682875757
Restaurantes,Czech Republic,0.6958051602852703
Cuidado personal,Czech Republic,0.9202247191011236
Nafta,Czech Republic,0.8762867367657914
Comunicaciones,Czech Republic,0.7403428571428572
Ocio,Czech Republic,0.8203592814371259
Ropa y calzado,Czech Republic,0.639648033126294
Electrodomésticos,Czech Republic,1.149620713351231
Tarifa horaria trabajo doméstico,Czech Republic,0.8128591067377442
Alquiler,Czech Republic,0.6138585393904543
Transporte,Czech Republic,0.8333333333333334
Servicios públicos,Czech Republic,1.458333333333333
Vehículos,Czech Republic,0.8991462460896767
"Alimentos, bebidas y tabaco",Denmark,0.6809069050068123
Restaurantes,Denmark,0.4424755658220275
Cuidado personal,Denmark,0.8629918883229579
Nafta,Denmark,0.9618364670002736
Comunicaciones,Denmark,1.204032630444821
Ocio,Denmark,0.6682926829268294
Ropa y calzado,Denmark,0.6456950456950457
Electrodomésticos,Denmark,0.5192276692024836
Tarifa horaria trabajo doméstico,Denmark,0.7718013914328867
Alquiler,Denmark,0.4973919011667811
Transporte,Denmark,0.2380952380952381
Servicios públicos,Denmark,0.359375
Vehículos,Denmark,0.5106505043027667
"Alimentos, bebidas y tabaco",Dominican Republic,1.186847306113069
Restaurantes,Dominican Republic,1.655874856626802
Cuidado personal,Dominican Republic,1.163519129690747
Nafta,Dominican Republic,1.25891126519246
Comunicaciones,Dominican Republic,0.9142284640209952
Ocio,Dominican Republic,1.030075187969925
Ropa y calzado,Dominican Republic,1.19212715389186
Electrodomésticos,Dominican Republic,1.105348896604376
Tarifa horaria trabajo doméstico,Dominican Republic,1.339471182825613
Alquiler,Dominican Republic,2.360084033613445
Transporte,Dominican Republic,0.4761904761904762
Servicios públicos,Dominican Republic,0.6509433962264151
Vehículos,Dominican Republic,2.567502986857825
"Alimentos, bebidas y tabaco",Ecuador,1.225470312611594
Restaurantes,Ecuador,1.528600662896749
Cuidado personal,Ecuador,0.6947931122572271
Nafta,Ecuador,0.9932687279307986
Comunicaciones,Ecuador,0.8749001996007983
Ocio,Ecuador,1.473118279569892
Ropa y calzado,Ecuador,1.018634259259259
Electrodomésticos,Ecuador,1.270947806460797
Tarifa horaria trabajo doméstico,Ecuador,1.000682184391201
Alquiler,Ecuador,2.194915254237288
Transporte,Ecuador,1.25
Servicios públicos,Ecuador,1.521739130434783
Vehículos,Ecuador,1.380218368657675
"Alimentos, bebidas y tabaco",Egypt,2.788789707203407
Restaurantes,Egypt,2.86054373944083
Cuidado personal,Egypt,2.440641130127683
Nafta,Egypt,3.385742414922071
Comunicaciones,Egypt,0.948583509513742
Ocio,Egypt,5.269230769230769
Ropa y calzado,Egypt,2.091855004898483
Electrodomésticos,Egypt,2.267927003505554
Tarifa horaria trabajo doméstico,Egypt,1.039049830458499
Alquiler,Egypt,3.91705069124424
Transporte,Egypt,3.584229390681004
Servicios públicos,Egypt,1.590909090909091
Vehículos,Egypt,1.063011300939843
"Alimentos, bebidas y tabaco",Estonia,1.057729735788506
Restaurantes,Estonia,0.9802495814579316
Cuidado personal,Estonia,0.9397518878101404
Nafta,Estonia,0.5732371603060439
Comunicaciones,Estonia,0.7822231387915034
Ocio,Estonia,0.7405405405405405
Ropa y calzado,Estonia,0.726984126984127
Electrodomésticos,Estonia,0.7600708778858224
Tarifa horaria trabajo doméstico,Estonia,0.8848210036888404
Alquiler,Estonia,0.5822168785068131
Transporte,Estonia,0.5555555555555556
Servicios públicos,Estonia,1.166666666666667
Vehículos,Estonia,0.7858566871724767
"Alimentos, bebidas y tabaco",Finland,0.7395245407694394
Restaurantes,Finland,0.5138766936168139
Cuidado personal,Finland,1.160217591355716
Nafta,Finland,0.9506989773235496
Comunicaciones,Finland,1.070063694267516
Ocio,Finland,0.6431924882629109
Ropa y calzado,Finland,0.5933079976858778
Electrodomésticos,Finland,0.6207491142898386
Tarifa horaria trabajo doméstico,Finland,0.6724465334028218
Alquiler,Finland,1.80125
Transporte,Finland,0.2325581395348837
Servicios públicos,Finland,0.5307692307692308
Vehículos,Finland,0.8862658187190853
"Alimentos, bebidas y tabaco",France,0.7090216030031931
Restaurantes,France,0.6238298935865654
Cuidado personal,France,0.7274055890589832
Nafta,France,1.027482010665983
Comunicaciones,France,0.7765859760722889
Ocio,France,0.6748768472906405
Ropa y calzado,France,0.7264099716154511
Electrodomésticos,France,0.6091817992596843
Tarifa horaria trabajo doméstico,France,0.8295791400659086
Alquiler,France,0.6295922826123492
Transporte,France,0.5555555555555556
Servicios públicos,France,0.5307692307692308
Vehículos,France,0.947626897451748
"Alimentos, bebidas y tabaco",Georgia,1.320426396517956
Restaurantes,Georgia,0.8513661427699112
Cuidado personal,Georgia,1.212217086680606
Nafta,Georgia,0.8885410822010461
Comunicaciones,Georgia,1.02197150997151
Ocio,Georgia,1.245454545454545
Ropa y calzado,Georgia,1.843840579710145
Electrodomésticos,Georgia,1.122130891673608
Tarifa horaria trabajo doméstico,Georgia,0.805743699978369
Alquiler,Georgia,1.74906015037594
Transporte,Georgia,1.428571428571429
Servicios públicos,Georgia,2.1875
Vehículos,Georgia,4.982521847690387
"Alimentos, bebidas y tabaco",Germany,0.8846056476320361
Restaurantes,Germany,0.521402838938484
Cuidado personal,Germany,0.8777163132456067
Nafta,Germany,1.02773002783882
Comunicaciones,Germany,0.917910447761194
Ocio,Germany,0.6989795918367347
Ropa y calzado,Germany,0.7374411979063142
Electrodomésticos,Germany,0.7494494762673587
Tarifa horaria trabajo doméstico,Germany,0.8789711632453567
Alquiler,Germany,0.5330301061295213
Transporte,Germany,0.5263157894736842
Servicios públicos,Germany,0.6272727272727272
Vehículos,Germany,0.7763272655656529
"Alimentos, bebidas y tabaco",Greece,0.921581071243306
Restaurantes,Greece,1.25983612222979
Cuidado personal,Greece,0.8518811786159901
Nafta,Greece,1.205768587225006
Comunicaciones,Greece,0.9962471256887502
Ocio,Greece,0.6618357487922706
Ropa y calzado,Greece,1.182247899159664
Electrodomésticos,Greece,0.837377138492784
Tarifa horaria trabajo doméstico,Greece,0.9423808081342328
Alquiler,Greece,0.6809815950920246
Transporte,Greece,1.428571428571429
Servicios públicos,Greece,1.166666666666667
Vehículos,Greece,0.9058170835795416
"Alimentos, bebidas y tabaco",Guatemala,0.9282717666037376
Restaurantes,Guatemala,1.108965621591802
Cuidado personal,Guatemala,0.7208772779825944
Nafta,Guatemala,0.8789481656569538
Comunicaciones,Guatemala,0.9348894348894348
Ocio,Guatemala,1.0703125
Ropa y calzado,Guatemala,1.171389539422326
Electrodomésticos,Guatemala,1.146748244823674
Tarifa horaria trabajo doméstico,Guatemala,0.940895666555032
Alquiler,Guatemala,1.924649859943978
Transporte,Guatemala,2.164502164502164
Servicios públicos,Guatemala,1.029411764705882
Vehículos,Guatemala,1.142057068105633
"Alimentos, bebidas y tabaco",Hong Kong,0.5863450337518377
Restaurantes,Hong Kong,0.2622518343077712
Cuidado personal,Hong Kong,1.015041322604202
Nafta,Hong Kong,0.8692066192132087
Comunicaciones,Hong Kong,0.963530612244898
Ocio,Hong Kong,0.434920634920635
Ropa y calzado,Hong Kong,0.6763662582628099
Electrodomésticos,Hong Kong,0.7867850016444141
Tarifa horaria trabajo doméstico,Hong Kong,0.9159912557159968
Alquiler,Hong Kong,0.4662515066291683
Transporte,Hong Kong,0.7692307692307693
Servicios públicos,Hong Kong,0.5476190476190477
Vehículos,Hong Kong,1.051488576912944
"Alimentos, bebidas y tabaco",Hungary,1.26257733995497
Restaurantes,Hungary,1.157136146053154
Cuidado personal,Hungary,1.322116169032469
Nafta,Hungary,0.8732823536236118
Comunicaciones,Hungary,1.177259844418983
Ocio,Hungary,0.7873563218390806
Ropa y calzado,Hungary,1.001560758082497
Electrodomésticos,Hungary,1.263818095752531
Tarifa horaria trabajo doméstico,Hungary,0.9886485585471172
Alquiler,Hungary,0.9652271034996276
Transporte,Hungary,0.9090909090909092
Servicios públicos,Hungary,1.346153846153846
Vehículos,Hungary,0.9737102124355989
"Alimentos, bebidas y tabaco",India,2.087640989781962
Restaurantes,India,2.542162297956666
Cuidado personal,India,2.610887940413424
Nafta,India,2.337178515386328
Comunicaciones,India,0.9891602427069164
Ocio,India,1.122950819672131
Ropa y calzado,India,2.275
Electrodomésticos,India,1.764862222643284
Tarifa horaria trabajo doméstico,India,2.125439831104856
Alquiler,India,2.207516339869281
Transporte,India,1.428571428571429
Servicios públicos,India,2.5
Vehículos,India,1.231844437585431
"Alimentos, bebidas y tabaco",Indonesia,1.38834524625849
Restaurantes,Indonesia,1.368481047056549
Cuidado personal,Indonesia,0.8426363008971705
Nafta,Indonesia,2.464645548065629
Comunicaciones,Indonesia,1.340270393437642
Ocio,Indonesia,1.802631578947369
Ropa y calzado,Indonesia,2.088669950738916
Electrodomésticos,Indonesia,2.249645540193962
Tarifa horaria trabajo doméstico,Indonesia,1.269496352757971
Alquiler,Indonesia,1.225642490005711
Transporte,Indonesia,2.232142857142857
Servicios públicos,Indonesia,2.916666666666667
Vehículos,Indonesia,0.8311394921533781
"Alimentos, bebidas y tabaco",Iran,0.188233540971041
Restaurantes,Iran,0.1509154984785998
Cuidado personal,Iran,0.3362450975284429
Nafta,Iran,0.2244313840162027
Comunicaciones,Iran,0.0574518751025037
Ocio,Iran,1.191304347826087
Ropa y calzado,Iran,0.3420290929270814
Electrodomésticos,Iran,0.1472209064336699
Tarifa horaria trabajo doméstico,Iran,0.1164738953296519
Alquiler,Iran,0.0627691513315837
Transporte,Iran,0.2941176470588235
Servicios públicos,Iran,0.2269736842105263
Vehículos,Iran,0.0591420089807203
"Alimentos, bebidas y tabaco",Iraq,1.71240129823803
Restaurantes,Iraq,1.525006587539445
Cuidado personal,Iraq,0.8382719639808487
Nafta,Iraq,1.280258740733736
Comunicaciones,Iraq,1.074518265756724
Ocio,Iraq,2.914893617021277
Ropa y calzado,Iraq,1.174466098727973
Electrodomésticos,Iraq,1.308805458928221
Tarifa horaria trabajo doméstico,Iraq,1.463254650754651
Alquiler,Iraq,0.7358681177388988
Transporte,Iraq,1.941747572815534
Servicios públicos,Iraq,1.129032258064516
Vehículos,Iraq,1.638822080131402
"Alimentos, bebidas y tabaco",Ireland,0.665603350680879
Restaurantes,Ireland,0.3575110325716039
Cuidado personal,Ireland,0.5918638986682729
Nafta,Ireland,0.6863421616231034
Comunicaciones,Ireland,0.9684720603569894
Ocio,Ireland,0.7210526315789475
Ropa y calzado,Ireland,0.5126845189525999
Electrodomésticos,Ireland,0.5985756383657775
Tarifa horaria trabajo doméstico,Ireland,0.8069192129805141
Alquiler,Ireland,0.4925925925925926
Transporte,Ireland,0.5882352941176471
Servicios públicos,Ireland,0.4539473684210527
Vehículos,Ireland,0.8651199247530961
"Alimentos, bebidas y tabaco",Israel,0.7596597445292697
Restaurantes,Israel,0.5437777168898557
Cuidado personal,Israel,1.146071756241248
Nafta,Israel,0.9508829720753418
Comunicaciones,Israel,1.009633278598796
Ocio,Israel,0.6919191919191919
Ropa y calzado,Israel,0.7167200574079224
Electrodomésticos,Israel,0.6295263419093251
Tarifa horaria trabajo doméstico,Israel,0.7679389433573309
Alquiler,Israel,0.706280193236715
Transporte,Israel,0.625
Servicios públicos,Israel,0.575
Vehículos,Israel,0.7569265375541778
"Alimentos, bebidas y tabaco",Italy,0.8528686353067102
Restaurantes,Italy,0.5899251188938825
Cuidado personal,Italy,0.6435990269512354
Nafta,Italy,0.7916436077220963
Comunicaciones,Italy,0.9209191788768504
Ocio,Italy,0.6884422110552765
Ropa y calzado,Italy,0.6646702667321224
Electrodomésticos,Italy,0.8702219589590917
Tarifa horaria trabajo doméstico,Italy,0.9379183400267738
Alquiler,Italy,0.5957983193277311
Transporte,Italy,0.8333333333333334
Servicios públicos,Italy,0.8625
Vehículos,Italy,0.8314650756343036
"Alimentos, bebidas y tabaco",Jamaica,0.6340268615073484
Restaurantes,Jamaica,0.9467165299925636
Cuidado personal,Jamaica,1.684627577581945
Nafta,Jamaica,1.155876072950612
Comunicaciones,Jamaica,1.250251745980185
Ocio,Jamaica,0.9013157894736844
Ropa y calzado,Jamaica,1.133611111111111
Electrodomésticos,Jamaica,0.967438831238941
Tarifa horaria trabajo doméstico,Jamaica,1.183911961929483
Alquiler,Jamaica,0.6240224385414948
Transporte,Jamaica,2.512562814070352
Servicios públicos,Jamaica,0.7666666666666666
Vehículos,Jamaica,1.520298215063126
"Alimentos, bebidas y tabaco",Japan,1.022410415711872
Restaurantes,Japan,0.5930619336946684
Cuidado personal,Japan,1.151817771530251
Nafta,Japan,0.9373163217390668
Comunicaciones,Japan,1.143634876308144
Ocio,Japan,1.256880733944954
Ropa y calzado,Japan,1.136904761904762
Electrodomésticos,Japan,1.211864193645008
Tarifa horaria trabajo doméstico,Japan,1.425265190782773
Alquiler,Japan,0.8175101314618958
Transporte,Japan,1.25
Servicios públicos,Japan,0.5390625
Vehículos,Japan,1.41053216197112
"Alimentos, bebidas y tabaco",Jordan,1.384065447914443
Restaurantes,Jordan,1.323422550585379
Cuidado personal,Jordan,1.294327894327894
Nafta,Jordan,0.9081467625483975
Comunicaciones,Jordan,2.828045977011494
Ocio,Jordan,1.022388059701492
Ropa y calzado,Jordan,0.6963556562876622
Electrodomésticos,Jordan,0.7954941045987324
Tarifa horaria trabajo doméstico,Jordan,1.081628660854013
Alquiler,Jordan,1.488383838383838
Transporte,Jordan,1.428571428571429
Servicios públicos,Jordan,0.6272727272727272
Vehículos,Jordan,0.8046248505525909
"Alimentos, bebidas y tabaco",Kazakhstan,1.555467085446592
Restaurantes,Kazakhstan,1.104562222282049
Cuidado personal,Kazakhstan,1.770498084291188
Nafta,Kazakhstan,1.126186125665759
Comunicaciones,Kazakhstan,0.7463799734142407
Ocio,Kazakhstan,2.686274509803922
Ropa y calzado,Kazakhstan,1.390879251344368
Electrodomésticos,Kazakhstan,1.302648907034491
Tarifa horaria trabajo doméstico,Kazakhstan,1.037193307858313
Alquiler,Kazakhstan,2.514619883040936
Transporte,Kazakhstan,1.111111111111111
Servicios públicos,Kazakhstan,2.916666666666667
Vehículos,Kazakhstan,0.8177884472896476
"Alimentos, bebidas y tabaco",Kenya,1.599758103329606
Restaurantes,Kenya,1.820478280761729
Cuidado personal,Kenya,2.117877891674084
Nafta,Kenya,1.465101281318763
Comunicaciones,Kenya,1.726456379653311
Ocio,Kenya,0.8616352201257862
Ropa y calzado,Kenya,1.045008183306056
Electrodomésticos,Kenya,1.776191300594602
Tarifa horaria trabajo doméstico,Kenya,2.512320937857104
Alquiler,Kenya,3.57679033649698
Transporte,Kenya,
Servicios públicos,Kenya,1.060606060606061
Vehículos,Kenya,1.404292751583392
"Alimentos, bebidas y tabaco",Kosovo,1.273666786066572
Restaurantes,Kosovo,1.663107243804985
Cuidado personal,Kosovo,2.23257666268419
Nafta,Kosovo,1.394126103917821
Comunicaciones,Kosovo,0.7072804912478825
Ocio,Kosovo,0.8896103896103896
Ropa y calzado,Kosovo,1.660079051383399
Electrodomésticos,Kosovo,2.081031790068214
Tarifa horaria trabajo doméstico,Kosovo,1.81375507567368
Alquiler,Kosovo,1.767787243840663
Transporte,Kosovo,0.8333333333333334
Servicios públicos,Kosovo,2.5
Vehículos,Kosovo,1.237848376091098
"Alimentos, bebidas y tabaco",Kuwait,1.110588035748854
Restaurantes,Kuwait,0.6577637763563107
Cuidado personal,Kuwait,1.110754198911512
Nafta,Kuwait,0.8203003576893898
Comunicaciones,Kuwait,1.485598280391689
Ocio,Kuwait,4.419354838709678
Ropa y calzado,Kuwait,0.8738015607580825
Electrodomésticos,Kuwait,0.7455667882577731
Tarifa horaria trabajo doméstico,Kuwait,0.9444478049930514
Alquiler,Kuwait,0.114904250984653
Transporte,Kuwait,1.111111111111111
Servicios públicos,Kuwait,0.7040816326530612
Vehículos,Kuwait,0.683248730964467
"Alimentos, bebidas y tabaco",Latvia,1.072557114218413
Restaurantes,Latvia,1.29323532618054
Cuidado personal,Latvia,0.8864807827588412
Nafta,Latvia,0.8780831362989584
Comunicaciones,Latvia,1.036007772809215
Ocio,Latvia,0.7828571428571429
Ropa y calzado,Latvia,0.8539635234319994
Electrodomésticos,Latvia,1.022751529726491
Tarifa horaria trabajo doméstico,Latvia,0.9214731682146544
Alquiler,Latvia,0.5187465790914068
Transporte,Latvia,0.9090909090909092
Servicios públicos,Latvia,1.09375
Vehículos,Latvia,0.9876865805204568
"Alimentos, bebidas y tabaco",Lithuania,1.050316532181894
Restaurantes,Lithuania,0.9048299592994142
Cuidado personal,Lithuania,1.661800486618005
Nafta,Lithuania,0.9094376993345712
Comunicaciones,Lithuania,1.280428165931398
Ocio,Lithuania,0.8404907975460124
Ropa y calzado,Lithuania,0.9462190772597536
Electrodomésticos,Lithuania,0.9136273230074804
Tarifa horaria trabajo doméstico,Lithuania,1.018291093847828
Alquiler,Lithuania,0.643376030882611
Transporte,Lithuania,0.8333333333333334
Servicios públicos,Lithuania,1.09375
Vehículos,Lithuania,0.9816428901775232
"Alimentos, bebidas y tabaco",Luxembourg,0.7438775706362533
Restaurantes,Luxembourg,0.3801739985973931
Cuidado personal,Luxembourg,2.009348622392101
Nafta,Luxembourg,1.339870731288982
Comunicaciones,Luxembourg,0.7403787047862403
Ocio,Luxembourg,0.801169590643275
Ropa y calzado,Luxembourg,0.7565920560815627
Electrodomésticos,Luxembourg,0.624786084304734
Tarifa horaria trabajo doméstico,Luxembourg,0.9340707368963608
Alquiler,Luxembourg,0.4836752899197145
Transporte,Luxembourg,0.5
Servicios públicos,Luxembourg,
Vehículos,Luxembourg,0.8433068459657702
"Alimentos, bebidas y tabaco",Malaysia,1.309537218178103
Restaurantes,Malaysia,1.851887964021442
Cuidado personal,Malaysia,2.151597464752296
Nafta,Malaysia,1.814156718408733
Comunicaciones,Malaysia,1.333356164383562
Ocio,Malaysia,3.186046511627907
Ropa y calzado,Malaysia,1.486280487804878
Electrodomésticos,Malaysia,1.862499527424715
Tarifa horaria trabajo doméstico,Malaysia,1.419836245535003
Alquiler,Malaysia,2.876275510204081
Transporte,Malaysia,1.76056338028169
Servicios públicos,Malaysia,3.181818181818182
Vehículos,Malaysia,0.8625238348285456
"Alimentos, bebidas y tabaco",Malta,0.8846159823441212
Restaurantes,Malta,0.5953403562254616
Cuidado personal,Malta,0.8696826440152358
Nafta,Malta,0.9743588559926446
Comunicaciones,Malta,0.915555310628605
Ocio,Malta,0.951388888888889
Ropa y calzado,Malta,0.6855726470802653
Electrodomésticos,Malta,0.6929147498234295
Tarifa horaria trabajo doméstico,Malta,0.927921631002483
Alquiler,Malta,1.326621621621622
Transporte,Malta,0.8333333333333334
Servicios públicos,Malta,1.521739130434783
Vehículos,Malta,0.9526324874848956
"Alimentos, bebidas y tabaco",Mauritius,1.13779985829987
Restaurantes,Mauritius,1.125197903367767
Cuidado personal,Mauritius,2.194829325264108
Nafta,Mauritius,1.014943907369395
Comunicaciones,Mauritius,1.017649717514124
Ocio,Mauritius,0.8726114649681529
Ropa y calzado,Mauritius,1.808441558441559
Electrodomésticos,Mauritius,1.390250589164761
Tarifa horaria trabajo doméstico,Mauritius,1.503081912094498
Alquiler,Mauritius,1.696840026333114
Transporte,Mauritius,0.2325581395348837
Servicios públicos,Mauritius,1.029411764705882
Vehículos,Mauritius,2.050271539703508
"Alimentos, bebidas y tabaco",Mexico,0.92819099447522
Restaurantes,Mexico,1.046391642668112
Cuidado personal,Mexico,0.9064624881291548
Nafta,Mexico,1.060773610623631
Comunicaciones,Mexico,0.9224043316016683
Ocio,Mexico,1.0
Ropa y calzado,Mexico,1.094741416775315
Electrodomésticos,Mexico,0.936526134154259
Tarifa horaria trabajo doméstico,Mexico,1.0885306243066
Alquiler,Mexico,1.863782051282051
Transporte,Mexico,1.666666666666667
Servicios públicos,Mexico,0.9324324324324323
Vehículos,Mexico,1.281748944760507
"Alimentos, bebidas y tabaco",Montenegro,0.9677069920645084
Restaurantes,Montenegro,0.8486259663128273
Cuidado personal,Montenegro,0.7168705153294195
Nafta,Montenegro,0.8659590696045795
Comunicaciones,Montenegro,1.240843214756258
Ocio,Montenegro,0.7919075144508672
Ropa y calzado,Montenegro,1.067386207454119
Electrodomésticos,Montenegro,0.8032355204506737
Tarifa horaria trabajo doméstico,Montenegro,0.676211383631894
Alquiler,Montenegro,0.3600798872180451
Transporte,Montenegro,1.25
Servicios públicos,Montenegro,0.8023255813953488
Vehículos,Montenegro,1.15014409221902
"Alimentos, bebidas y tabaco",Morocco,1.451523021081662
Restaurantes,Morocco,1.296370309391437
Cuidado personal,Morocco,1.196045527506202
Nafta,Morocco,1.291175778747496
Comunicaciones,Morocco,1.463063817902527
Ocio,Morocco,0.9785714285714288
Ropa y calzado,Morocco,1.303455964325529
Electrodomésticos,Morocco,1.16933795289545
Tarifa horaria trabajo doméstico,Morocco,1.163971645432788
Alquiler,Morocco,2.308912083500602
Transporte,Morocco,1.111111111111111
Servicios públicos,Morocco,1.944444444444444
Vehículos,Morocco,1.105234007200222
"Alimentos, bebidas y tabaco",Nepal,1.822500019236367
Restaurantes,Nepal,2.852630201331821
Cuidado personal,Nepal,6.013994910941476
Nafta,Nepal,2.652013292610128
Comunicaciones,Nepal,0.8329365442725025
Ocio,Nepal,1.304761904761905
Ropa y calzado,Nepal,2.394957983193277
Electrodomésticos,Nepal,1.943059878849711
Tarifa horaria trabajo doméstico,Nepal,1.649830654420207
Alquiler,Nepal,3.810421286031042
Transporte,Nepal,2.67379679144385
Servicios públicos,Nepal,2.916666666666667
Vehículos,Nepal,0.6917966203680489
"Alimentos, bebidas y tabaco",Netherlands,0.7614121950458711
Restaurantes,Netherlands,0.4712688100436881
Cuidado personal,Netherlands,0.934975606404178
Nafta,Netherlands,0.80045216332287
Comunicaciones,Netherlands,0.838360965925834
Ocio,Netherlands,0.6088888888888889
Ropa y calzado,Netherlands,0.6997126436781609
Electrodomésticos,Netherlands,0.6356084657483017
Tarifa horaria trabajo doméstico,Netherlands,1.015471893620157
Alquiler,Netherlands,0.5182926829268293
Transporte,Netherlands,0.5882352941176471
Servicios públicos,Netherlands,0.4011627906976744
Vehículos,Netherlands,0.7829800516443914
"Alimentos, bebidas y tabaco",New Zealand,0.664512635443806
Restaurantes,New Zealand,0.4375194076313002
Cuidado personal,New Zealand,0.581831075280857
Nafta,New Zealand,1.238800617090195
Comunicaciones,New Zealand,0.988455253496318
Ocio,New Zealand,0.8058823529411766
Ropa y calzado,New Zealand,0.6998834498834499
Electrodomésticos,New Zealand,0.7329453508422868
Tarifa horaria trabajo doméstico,New Zealand,0.7858056599832915
Alquiler,New Zealand,1.086019490254873
Transporte,New Zealand,0.5263157894736842
Servicios públicos,New Zealand,0.3053097345132744
Vehículos,New Zealand,1.124451599919501
"Alimentos, bebidas y tabaco",Macedonia,1.603273656024025
Restaurantes,Macedonia,2.132984792091413
Cuidado personal,Macedonia,0.9455269022604266
Nafta,Macedonia,1.394790849252252
Comunicaciones,Macedonia,0.8918151260504201
Ocio,Macedonia,0.8838709677419355
Ropa y calzado,Macedonia,1.880895601483837
Electrodomésticos,Macedonia,1.491611360466224
Tarifa horaria trabajo doméstico,Macedonia,0.9978113325698796
Alquiler,Macedonia,1.052777777777778
Transporte,Macedonia,1.111111111111111
Servicios públicos,Macedonia,1.521739130434783
Vehículos,Macedonia,1.116096040909273
"Alimentos, bebidas y tabaco",Norway,0.6057052974076318
Restaurantes,Norway,0.5077807517229482
Cuidado personal,Norway,1.120546176484635
Nafta,Norway,0.832891308678504
Comunicaciones,Norway,0.8109979309247175
Ocio,Norway,0.6748768472906405
Ropa y calzado,Norway,0.8184148666407537
Electrodomésticos,Norway,0.5608407079646018
Tarifa horaria trabajo doméstico,Norway,0.8621240230895313
Alquiler,Norway,0.6714017991004497
Transporte,Norway,0.3225806451612903
Servicios públicos,Norway,0.4726027397260274
Vehículos,Norway,0.7035979294693627
"Alimentos, bebidas y tabaco",Oman,0.7487234229169174
Restaurantes,Oman,0.8353098059398811
Cuidado personal,Oman,3.318162393162393
Nafta,Oman,0.9442173473292876
Comunicaciones,Oman,1.320382546323969
Ocio,Oman,1.734177215189874
Ropa y calzado,Oman,0.8592458521870286
Electrodomésticos,Oman,0.6074076741807833
Tarifa horaria trabajo doméstico,Oman,1.616607624831309
Alquiler,Oman,1.072836538461539
Transporte,Oman,0.2777777777777778
Servicios públicos,Oman,0.5307692307692308
Vehículos,Oman,1.333572008210416
"Alimentos, bebidas y tabaco",Pakistan,2.375652850746125
Restaurantes,Pakistan,2.345697743519605
Cuidado personal,Pakistan,6.37793427230047
Nafta,Pakistan,2.495306083897818
Comunicaciones,Pakistan,1.230214653878776
Ocio,Pakistan,1.330097087378641
Ropa y calzado,Pakistan,3.114285714285714
Electrodomésticos,Pakistan,2.141912734518747
Tarifa horaria trabajo doméstico,Pakistan,2.773859282479972
Alquiler,Pakistan,1.297767393561786
Transporte,Pakistan,1.0
Servicios públicos,Pakistan,2.916666666666667
Vehículos,Pakistan,1.672173340515951
"Alimentos, bebidas y tabaco",Panama,0.975821719657778
Restaurantes,Panama,0.917017517665192
Cuidado personal,Panama,0.704995290187988
Nafta,Panama,0.9335570114685834
Comunicaciones,Panama,1.116392907647123
Ocio,Panama,1.304761904761905
Ropa y calzado,Panama,1.215986394557823
Electrodomésticos,Panama,0.9827677338987492
Tarifa horaria trabajo doméstico,Panama,1.096666259588942
Alquiler,Panama,1.075843727072634
Transporte,Panama,0.9090909090909092
Servicios públicos,Panama,1.4
Vehículos,Panama,1.225145814147261
"Alimentos, bebidas y tabaco",Peru,1.284379616669708
Restaurantes,Peru,1.56711665002272
Cuidado personal,Peru,1.017356695398238
Nafta,Peru,1.097475133578471
Comunicaciones,Peru,1.088904328135454
Ocio,Peru,1.087301587301587
Ropa y calzado,Peru,1.498412698412698
Electrodomésticos,Peru,1.342213275280963
Tarifa horaria trabajo doméstico,Peru,1.485117445147395
Alquiler,Peru,2.573431922488526
Transporte,Peru,1.428571428571429
Servicios públicos,Peru,1.029411764705882
Vehículos,Peru,1.568965517241379
"Alimentos, bebidas y tabaco",Philippines,1.373863308036073
Restaurantes,Philippines,1.825261946190758
Cuidado personal,Philippines,0.976600464365554
Nafta,Philippines,1.390013144429091
Comunicaciones,Philippines,1.123968075477908
Ocio,Philippines,1.330097087378641
Ropa y calzado,Philippines,1.282349433512224
Electrodomésticos,Philippines,2.041839928565095
Tarifa horaria trabajo doméstico,Philippines,1.571899492264704
Alquiler,Philippines,1.418575851393189
Transporte,Philippines,0.6666666666666666
Servicios públicos,Philippines,1.458333333333333
Vehículos,Philippines,1.215444855340439
"Alimentos, bebidas y tabaco",Poland,1.2764665224212
Restaurantes,Poland,0.6942640104976912
Cuidado personal,Poland,1.12875744047619
Nafta,Poland,1.121221341817138
Comunicaciones,Poland,0.9270129870129872
Ocio,Poland,0.8106508875739646
Ropa y calzado,Poland,1.067145963697688
Electrodomésticos,Poland,1.140622065799019
Tarifa horaria trabajo doméstico,Poland,1.01387469836452
Alquiler,Poland,0.593452380952381
Transporte,Poland,0.8333333333333334
Servicios públicos,Poland,1.206896551724138
Vehículos,Poland,0.9362128049401148
"Alimentos, bebidas y tabaco",Portugal,1.117497546982784
Restaurantes,Portugal,0.7092421534097324
Cuidado personal,Portugal,0.745324833029751
Nafta,Portugal,0.934763318408512
Comunicaciones,Portugal,0.8246733788804985
Ocio,Portugal,0.7172774869109948
Ropa y calzado,Portugal,0.904849385032312
Electrodomésticos,Portugal,1.036256534431667
Tarifa horaria trabajo doméstico,Portugal,0.952313392149088
Alquiler,Portugal,0.6929512569719505
Transporte,Portugal,1.111111111111111
Servicios públicos,Portugal,0.8625
Vehículos,Portugal,0.9090100477680776
"Alimentos, bebidas y tabaco",Puerto Rico,0.6331501239341484
Restaurantes,Puerto Rico,0.5298463649727296
Cuidado personal,Puerto Rico,0.662337651131567
Nafta,Puerto Rico,0.7196625069007029
Comunicaciones,Puerto Rico,0.6374574784734772
Ocio,Puerto Rico,1.087301587301587
Ropa y calzado,Puerto Rico,0.8139217104734346
Electrodomésticos,Puerto Rico,0.7740861803738621
Tarifa horaria trabajo doméstico,Puerto Rico,0.8057848215106279
Alquiler,Puerto Rico,0.486914545599617
Transporte,Puerto Rico,0.9090909090909092
Servicios públicos,Puerto Rico,0.9857142857142858
Vehículos,Puerto Rico,0.920933182030572
"Alimentos, bebidas y tabaco",Qatar,0.9883611288256844
Restaurantes,Qatar,0.4166039492572198
Cuidado personal,Qatar,1.170760923332006
Nafta,Qatar,0.8515958432874153
Comunicaciones,Qatar,0.9410177894429864
Ocio,Qatar,1.876712328767123
Ropa y calzado,Qatar,0.9137529137529138
Electrodomésticos,Qatar,0.7185712134846519
Tarifa horaria trabajo doméstico,Qatar,0.9907578238928604
Alquiler,Qatar,1.082737708468703
Transporte,Qatar,0.625
Servicios públicos,Qatar,0.9324324324324323
Vehículos,Qatar,1.256442545536317
"Alimentos, bebidas y tabaco",Romania,1.288717516020341
Restaurantes,Romania,1.592684657287239
Cuidado personal,Romania,1.495155344918378
Nafta,Romania,1.050749192402339
Comunicaciones,Romania,1.112918660287081
Ocio,Romania,0.8616352201257862
Ropa y calzado,Romania,1.297889995258416
Electrodomésticos,Romania,1.263471301884923
Tarifa horaria trabajo doméstico,Romania,1.143921356421356
Alquiler,Romania,0.964370900417412
Transporte,Romania,1.428571428571429
Servicios públicos,Romania,1.75
Vehículos,Romania,1.402741514360313
"Alimentos, bebidas y tabaco",Russia,1.704692959609988
Restaurantes,Russia,1.300839775491398
Cuidado personal,Russia,2.692351745552532
Nafta,Russia,1.336137145383566
Comunicaciones,Russia,1.308435983575961
Ocio,Russia,2.322033898305085
Ropa y calzado,Russia,0.9937861449489356
Electrodomésticos,Russia,1.496381750631857
Tarifa horaria trabajo doméstico,Russia,1.069112548621681
Alquiler,Russia,1.594428152492668
Transporte,Russia,0.7692307692307693
Servicios públicos,Russia,1.458333333333333
Vehículos,Russia,0.9163760751884692
"Alimentos, bebidas y tabaco",Saudi Arabia,1.018069588695981
Restaurantes,Saudi Arabia,0.6688323094946342
Cuidado personal,Saudi Arabia,0.9373564218198688
Nafta,Saudi Arabia,1.045140722859204
Comunicaciones,Saudi Arabia,1.226765188834154
Ocio,Saudi Arabia,2.322033898305085
Ropa y calzado,Saudi Arabia,0.6565979501514093
Electrodomésticos,Saudi Arabia,0.8203940466330347
Tarifa horaria trabajo doméstico,Saudi Arabia,1.462264573589233
Alquiler,Saudi Arabia,0.7646511251416546
Transporte,Saudi Arabia,0.7692307692307693
Servicios públicos,Saudi Arabia,0.75
Vehículos,Saudi Arabia,1.613083896298863
"Alimentos, bebidas y tabaco",Serbia,1.236523915693725
Restaurantes,Serbia,1.0101896058414
Cuidado personal,Serbia,1.034337140879197
Nafta,Serbia,1.095075287263956
Comunicaciones,Serbia,0.909955321342651
Ocio,Serbia,0.7365591397849462
Ropa y calzado,Serbia,1.324404761904762
Electrodomésticos,Serbia,1.114715848473216
Tarifa horaria trabajo doméstico,Serbia,0.8200074623499072
Alquiler,Serbia,0.8318168646769053
Transporte,Serbia,1.428571428571429
Servicios públicos,Serbia,1.590909090909091
Vehículos,Serbia,1.225952255573109
"Alimentos, bebidas y tabaco",Singapore,0.5550874145652681
Restaurantes,Singapore,0.2474589703019261
Cuidado personal,Singapore,0.8311274509803921
Nafta,Singapore,0.6098781072555984
Comunicaciones,Singapore,1.011046879949319
Ocio,Singapore,0.6431924882629109
Ropa y calzado,Singapore,0.4146171567224198
Electrodomésticos,Singapore,0.7816881031691956
Tarifa horaria trabajo doméstico,Singapore,0.9137462556423758
Alquiler,Singapore,0.6650416260406511
Transporte,Singapore,0.6666666666666666
Servicios públicos,Singapore,0.3876404494382023
Vehículos,Singapore,0.2315684349219937
"Alimentos, bebidas y tabaco",Slovakia,1.169227044681855
Restaurantes,Slovakia,1.008570791932919
Cuidado personal,Slovakia,1.664454064454064
Nafta,Slovakia,1.317161098452113
Comunicaciones,Slovakia,0.7652190671977386
Ocio,Slovakia,0.7873563218390806
Ropa y calzado,Slovakia,1.078125
Electrodomésticos,Slovakia,1.208997542306233
Tarifa horaria trabajo doméstico,Slovakia,0.8406758775578522
Alquiler,Slovakia,0.6634990791896869
Transporte,Slovakia,0.7692307692307693
Servicios públicos,Slovakia,0.8846153846153846
Vehículos,Slovakia,1.463359698287151
"Alimentos, bebidas y tabaco",Slovenia,0.948948508737001
Restaurantes,Slovenia,0.7482177736025971
Cuidado personal,Slovenia,1.114502583979328
Nafta,Slovenia,0.8840140797814191
Comunicaciones,Slovenia,0.9869657183146904
Ocio,Slovenia,0.8509316770186336
Ropa y calzado,Slovenia,0.7462932703945776
Electrodomésticos,Slovenia,0.9405410620977764
Tarifa horaria trabajo doméstico,Slovenia,0.9478665023394632
Alquiler,Slovenia,0.5873465809468148
Transporte,Slovenia,1.0
Servicios públicos,Slovenia,0.8214285714285714
Vehículos,Slovenia,1.068499961753232
"Alimentos, bebidas y tabaco",South Africa,1.447228101214304
Restaurantes,South Africa,1.289115480189989
Cuidado personal,South Africa,1.05546707116673
Nafta,South Africa,1.576571701029629
Comunicaciones,South Africa,1.362024500322373
Ocio,South Africa,1.053846153846154
Ropa y calzado,South Africa,1.262516469038208
Electrodomésticos,South Africa,1.639674793128366
Tarifa horaria trabajo doméstico,South Africa,1.329065785281937
Alquiler,South Africa,1.403554822258887
Transporte,South Africa,2.793296089385475
Servicios públicos,South Africa,0.8023255813953488
Vehículos,South Africa,1.250257328261356
"Alimentos, bebidas y tabaco",South Korea,0.7270747564230833
Restaurantes,South Korea,0.8504930698776153
Cuidado personal,South Korea,0.9936507936507936
Nafta,South Korea,0.8060387269710033
Comunicaciones,South Korea,1.43960541052813
Ocio,South Korea,1.151260504201681
Ropa y calzado,South Korea,0.5502428658166363
Electrodomésticos,South Korea,1.013423950448315
Tarifa horaria trabajo doméstico,South Korea,1.060266140310627
Alquiler,South Korea,1.160342835130971
Transporte,South Korea,0.9090909090909092
Servicios públicos,South Korea,0.7666666666666666
Vehículos,South Korea,0.9588560308579768
"Alimentos, bebidas y tabaco",Spain,1.015629880491976
Restaurantes,Spain,0.7490326392363665
Cuidado personal,Spain,0.8686918534552858
Nafta,Spain,1.03248525433643
Comunicaciones,Spain,1.113980985213714
Ocio,Spain,0.7873563218390806
Ropa y calzado,Spain,0.9006611836800517
Electrodomésticos,Spain,0.8402345627066197
Tarifa horaria trabajo doméstico,Spain,1.024454365079365
Alquiler,Spain,1.085664970930233
Transporte,Spain,0.8333333333333334
Servicios públicos,Spain,1.060606060606061
Vehículos,Spain,0.9328893096220164
"Alimentos, bebidas y tabaco",Sri Lanka,1.050886781180263
Restaurantes,Sri Lanka,2.304212015163555
Cuidado personal,Sri Lanka,3.338838838838839
Nafta,Sri Lanka,1.822358351563223
Comunicaciones,Sri Lanka,0.7369492824800556
Ocio,Sri Lanka,1.132231404958678
Ropa y calzado,Sri Lanka,2.61492222587359
Electrodomésticos,Sri Lanka,1.902183523222996
Tarifa horaria trabajo doméstico,Sri Lanka,1.617962519936204
Alquiler,Sri Lanka,2.430457746478873
Transporte,Sri Lanka,1.428571428571429
Servicios públicos,Sri Lanka,2.058823529411764
Vehículos,Sri Lanka,0.4143404159471432
"Alimentos, bebidas y tabaco",Sweden,0.8327895389746959
Restaurantes,Sweden,0.5803846983884904
Cuidado personal,Sweden,0.6753280543227674
Nafta,Sweden,0.9693256724937268
Comunicaciones,Sweden,0.9928571428571428
Ocio,Sweden,0.7653631284916201
Ropa y calzado,Sweden,0.6946096345308892
Electrodomésticos,Sweden,0.7288385142032073
Tarifa horaria trabajo doméstico,Sweden,0.8825614831591495
Alquiler,Sweden,1.67257448433919
Transporte,Sweden,0.3125
Servicios públicos,Sweden,0.4156626506024096
Vehículos,Sweden,0.8550401289083077
"Alimentos, bebidas y tabaco",Switzerland,0.5425677837259534
Restaurantes,Switzerland,0.2906739256854477
Cuidado personal,Switzerland,0.8978141682296927
Nafta,Switzerland,0.4817437473003453
Comunicaciones,Switzerland,1.032738095238095
Ocio,Switzerland,0.6650485436893204
Ropa y calzado,Switzerland,0.4267949427833149
Electrodomésticos,Switzerland,0.4445161362272047
Tarifa horaria trabajo doméstico,Switzerland,0.5915561446058251
Alquiler,Switzerland,0.7130520285579924
Transporte,Switzerland,0.3125
Servicios públicos,Switzerland,0.3833333333333333
Vehículos,Switzerland,0.6921436813324637
"Alimentos, bebidas y tabaco",Syria,1.171052355336143
Restaurantes,Syria,1.113900288435601
Cuidado personal,Syria,1.270100502512563
Nafta,Syria,1.591454888792232
Comunicaciones,Syria,0.3254387928300971
Ocio,Syria,0.4321766561514196
Ropa y calzado,Syria,1.875
Electrodomésticos,Syria,1.178724189038925
Tarifa horaria trabajo doméstico,Syria,0.8677984081103786
Alquiler,Syria,0.4874213836477987
Transporte,Syria,1.25
Servicios públicos,Syria,1.75
Vehículos,Syria,0.8156370085722732
"Alimentos, bebidas y tabaco",Taiwan,0.8557996009886414
Restaurantes,Taiwan,1.125873188038734
Cuidado personal,Taiwan,1.132883789586688
Nafta,Taiwan,1.396728205165962
Comunicaciones,Taiwan,1.31866583150642
Ocio,Taiwan,1.383838383838384
Ropa y calzado,Taiwan,0.7509009009009009
Electrodomésticos,Taiwan,1.522694504220229
Tarifa horaria trabajo doméstico,Taiwan,1.135138326585695
Alquiler,Taiwan,1.048017200191113
Transporte,Taiwan,0.6666666666666666
Servicios públicos,Taiwan,0.5655737704918032
Vehículos,Taiwan,0.86045278782587
"Alimentos, bebidas y tabaco",Thailand,1.10178415852459
Restaurantes,Thailand,1.423889194796947
Cuidado personal,Thailand,2.059508947149397
Nafta,Thailand,1.583673482215413
Comunicaciones,Thailand,1.947839046199702
Ocio,Thailand,1.356435643564357
Ropa y calzado,Thailand,0.91023362844847
Electrodomésticos,Thailand,1.4112357370927
Tarifa horaria trabajo doméstico,Thailand,1.369640437475803
Alquiler,Thailand,1.819971021492393
Transporte,Thailand,1.111111111111111
Servicios públicos,Thailand,0.9078947368421052
Vehículos,Thailand,0.7787812932178036
"Alimentos, bebidas y tabaco",Tunisia,1.91271085635152
Restaurantes,Tunisia,2.848923925592111
Cuidado personal,Tunisia,2.896354166666667
Nafta,Tunisia,1.794439386327284
Comunicaciones,Tunisia,0.8988838612368024
Ocio,Tunisia,1.802631578947369
Ropa y calzado,Tunisia,1.394736842105263
Electrodomésticos,Tunisia,1.978465601477546
Tarifa horaria trabajo doméstico,Tunisia,1.75474025807609
Alquiler,Tunisia,1.213057732288501
Transporte,Tunisia,3.134796238244514
Servicios públicos,Tunisia,1.842105263157895
Vehículos,Tunisia,1.012466930018483
"Alimentos, bebidas y tabaco",Turkey,1.619289793363025
Restaurantes,Turkey,1.061663263544928
Cuidado personal,Turkey,2.294829740706029
Nafta,Turkey,1.334875663195015
Comunicaciones,Turkey,1.112041744715012
Ocio,Turkey,1.087301587301587
Ropa y calzado,Turkey,1.333333333333333
Electrodomésticos,Turkey,0.930240981880326
Tarifa horaria trabajo doméstico,Turkey,1.282817453700495
Alquiler,Turkey,1.952797202797203
Transporte,Turkey,1.666666666666667
Servicios públicos,Turkey,1.25
Vehículos,Turkey,0.6597408186687069
"Alimentos, bebidas y tabaco",Ukraine,1.864345968110596
Restaurantes,Ukraine,1.842437987810087
Cuidado personal,Ukraine,1.772602951925916
Nafta,Ukraine,1.224628644574126
Comunicaciones,Ukraine,1.31296992481203
Ocio,Ukraine,1.045801526717557
Ropa y calzado,Ukraine,1.615925589836661
Electrodomésticos,Ukraine,1.623280094374168
Tarifa horaria trabajo doméstico,Ukraine,0.9031290302842028
Alquiler,Ukraine,1.173085106382979
Transporte,Ukraine,0.6666666666666666
Servicios públicos,Ukraine,2.1875
Vehículos,Ukraine,1.04464719739745
"Alimentos, bebidas y tabaco",United Arab Emirates,0.8770373672347198
Restaurantes,United Arab Emirates,0.4417792810925852
Cuidado personal,United Arab Emirates,0.8058696858696859
Nafta,United Arab Emirates,0.7871696874762498
Comunicaciones,United Arab Emirates,1.559247482776895
Ocio,United Arab Emirates,1.670731707317073
Ropa y calzado,United Arab Emirates,0.5354555744199208
Electrodomésticos,United Arab Emirates,0.5761735641859865
Tarifa horaria trabajo doméstico,United Arab Emirates,0.7833462083823425
Alquiler,United Arab Emirates,0.6153210425937699
Transporte,United Arab Emirates,1.0
Servicios públicos,United Arab Emirates,0.7340425531914894
Vehículos,United Arab Emirates,0.7710772670113176
"Alimentos, bebidas y tabaco",United Kingdom,0.7689637490552
Restaurantes,United Kingdom,0.399082068992218
Cuidado personal,United Kingdom,0.6685938284478431
Nafta,United Kingdom,0.9164304040080512
Comunicaciones,United Kingdom,0.929624488877218
Ocio,United Kingdom,0.7527472527472527
Ropa y calzado,United Kingdom,0.593364602876798
Electrodomésticos,United Kingdom,0.6617752355457782
Tarifa horaria trabajo doméstico,United Kingdom,0.9302597990777338
Alquiler,United Kingdom,0.4191881377082874
Transporte,United Kingdom,0.5
Servicios públicos,United Kingdom,0.3285714285714286
Vehículos,United Kingdom,0.7829800516443914
"Alimentos, bebidas y tabaco",United States,0.6715445139484482
Restaurantes,United States,0.3608995898832078
Cuidado personal,United States,0.6478972144413321
Nafta,United States,0.6092908891387074
Comunicaciones,United States,1.05105797912006
Ocio,United States,1.383838383838384
Ropa y calzado,United States,0.48738856854334
Electrodomésticos,United States,0.5815361597068024
Tarifa horaria trabajo doméstico,United States,0.9416925036197002
Alquiler,United States,0.6129977699904428
Transporte,United States,0.3333333333333333
Servicios públicos,United States,0.4662162162162162
Vehículos,United States,0.966852377448404
"Alimentos, bebidas y tabaco",Uruguay,0.7620997606056064
Restaurantes,Uruguay,0.914062719431147
Cuidado personal,Uruguay,0.6863442113442114
Nafta,Uruguay,0.7598138932954336
Comunicaciones,Uruguay,0.8841956693862095
Ocio,Uruguay,0.7061855670103093
Ropa y calzado,Uruguay,0.9624624624624624
Electrodomésticos,Uruguay,0.7349688882124483
Tarifa horaria trabajo doméstico,Uruguay,0.7910309729146585
Alquiler,Uruguay,1.019621440809333
Transporte,Uruguay,1.25
Servicios públicos,Uruguay,0.575
Vehículos,Uruguay,0.9848311799557428
"Alimentos, bebidas y tabaco",Uzbekistan,1.741676315587581
Restaurantes,Uzbekistan,1.108122296976907
Cuidado personal,Uzbekistan,15.92598452883263
Nafta,Uzbekistan,1.640394664717039
Comunicaciones,Uzbekistan,1.356181889176813
Ocio,Uzbekistan,1.0
Ropa y calzado,Uzbekistan,1.516083916083916
Electrodomésticos,Uzbekistan,1.680877824883286
Tarifa horaria trabajo doméstico,Uzbekistan,1.187996031746032
Alquiler,Uzbekistan,5.359243697478991
Transporte,Uzbekistan,2.506265664160401
Servicios públicos,Uzbekistan,3.888888888888889
Vehículos,Uzbekistan,0.8780029910586439
"Alimentos, bebidas y tabaco",Venezuela,1.062247586314582
Restaurantes,Venezuela,1.673643791850211
Cuidado personal,Venezuela,0.9619192294973544
Nafta,Venezuela,1.154804585080909
Comunicaciones,Venezuela,1.422638185421713
Ocio,Venezuela,2.584905660377359
Ropa y calzado,Venezuela,1.351608187134503
Electrodomésticos,Venezuela,1.302508468123519
Tarifa horaria trabajo doméstico,Venezuela,1.347426018210902
Alquiler,Venezuela,3.441470054446461
Transporte,Venezuela,1.111111111111111
Servicios públicos,Venezuela,1.4
Vehículos,Venezuela,0.951679657860247
"Alimentos, bebidas y tabaco",Vietnam,1.828565218701335
Restaurantes,Vietnam,1.498081998453712
Cuidado personal,Vietnam,2.551019355725926
Nafta,Vietnam,2.215071735937101
Comunicaciones,Vietnam,1.465804237956137
Ocio,Vietnam,1.37
Ropa y calzado,Vietnam,1.745367822417905
Electrodomésticos,Vietnam,1.631750615393458
Tarifa horaria trabajo doméstico,Vietnam,1.364981684981685
Alquiler,Vietnam,1.080336270454954
Transporte,Vietnam,1.666666666666667
Servicios públicos,Vietnam,3.888888888888889
Vehículos,Vietnam,1.028381064566002
